method,TP,TN,FP,FN,TPR,FPR,AUC,ROC-AUC,comentario
phase2,86,90,32,45,0.6564885496183206,0.26229508196721313,0.6970967338255537,0.7858215492428982,"TF-IDF, banderas lexicas y regresion logistica"
phase3_latent,82,85,37,49,0.6259541984732825,0.30327868852459017,0.6613377549743461,0.7477787510949819,Embeddings de Transformer y MLP
phase3_nli,127,11,111,4,0.9694656488549618,0.9098360655737705,0.5298147916405956,0.7975847828807408,NLI zero-shot: facebook/bart-large-mnli
phase3_ensemble,112,71,51,19,0.8549618320610687,0.4180327868852459,0.7184645225879114,0.7992116130646978,"Ensamble de TF-IDF, embeddings y NLI"
