{
  "phase2": {
    "TP": 86,
    "TN": 90,
    "FP": 32,
    "FN": 45,
    "TPR": 0.6564885496183206,
    "FPR": 0.26229508196721313,
    "AUC": 0.6970967338255537,
    "ROC-AUC": 0.7858215492428982
  },
  "phase3_latent": {
    "TP": 82,
    "TN": 85,
    "FP": 37,
    "FN": 49,
    "TPR": 0.6259541984732825,
    "FPR": 0.30327868852459017,
    "AUC": 0.6613377549743461,
    "ROC-AUC": 0.7477787510949819
  },
  "phase3_nli": {
    "TP": 127,
    "TN": 11,
    "FP": 111,
    "FN": 4,
    "TPR": 0.9694656488549618,
    "FPR": 0.9098360655737705,
    "AUC": 0.5298147916405956,
    "ROC-AUC": 0.7975847828807408
  },
  "phase3_ensemble": {
    "TP": 112,
    "TN": 71,
    "FP": 51,
    "FN": 19,
    "TPR": 0.8549618320610687,
    "FPR": 0.4180327868852459,
    "AUC": 0.7184645225879114,
    "ROC-AUC": 0.7992116130646978
  }
}