{
  "phase2": {
    "TP": 14,
    "TN": 21,
    "FP": 4,
    "FN": 12,
    "TPR": 0.5384615384615384,
    "FPR": 0.16,
    "AUC": 0.6892307692307692,
    "ROC-AUC": 0.7769230769230769
  },
  "phase3_latent": {
    "TP": 17,
    "TN": 17,
    "FP": 8,
    "FN": 9,
    "TPR": 0.6538461538461539,
    "FPR": 0.32,
    "AUC": 0.6669230769230768,
    "ROC-AUC": 0.683076923076923
  },
  "phase3_nli": {
    "TP": 25,
    "TN": 3,
    "FP": 22,
    "FN": 1,
    "TPR": 0.9615384615384616,
    "FPR": 0.88,
    "AUC": 0.5407692307692309,
    "ROC-AUC": 0.6707692307692308
  }
}