method,TP,TN,FP,FN,TPR,FPR,AUC,ROC-AUC,comentario
phase2,92,85,37,39,0.7022900763358778,0.30327868852459017,0.6995056939056438,0.7858215492428982,"TF-IDF, banderas lexicas y regresion logistica"
phase3_latent_mlp,83,102,20,48,0.6335877862595419,0.16393442622950818,0.7348266800150168,0.829745964209736,Embeddings de Transformer y MLP
phase3_latent_logreg,61,100,22,70,0.46564885496183206,0.18032786885245902,0.6426604930546865,0.7397697409585784,Embeddings de Transformer y regresion logistica
phase3_latent_svm,72,96,26,59,0.549618320610687,0.21311475409836064,0.6682517832561632,0.7202477787510949,Embeddings de Transformer y SVM lineal
phase3_latent_random_forest,81,102,20,50,0.6183206106870229,0.16393442622950818,0.7271930922287574,0.8279939932423976,Embeddings de Transformer y Random Forest
phase3_nli_zero_shot,83,93,29,48,0.6335877862595419,0.23770491803278687,0.6979414341133775,0.7797522212489051,NLI zero-shot: facebook/bart-large-mnli
phase3_nli_supervised,115,71,51,16,0.8778625954198473,0.4180327868852459,0.7299149042673008,0.8089100237767489,NLI supervisado: regresion logistica sobre puntajes de multiples hipotesis
phase3_ensemble,98,95,27,33,0.7480916030534351,0.22131147540983606,0.7633900638217996,0.8373169816043049,Stacking calibrado de los seis clasificadores de Fase 3
