method,TP,TN,FP,FN,TPR,FPR,AUC,ROC-AUC,comentario
phase2,92,85,37,39,0.7022900763358778,0.30327868852459017,0.6995056939056438,0.7858215492428982,"TF-IDF, banderas lexicas y regresion logistica"
phase3_latent,83,102,20,48,0.6335877862595419,0.16393442622950818,0.7348266800150168,0.829745964209736,Embeddings de Transformer y MLP
phase3_nli,83,93,29,48,0.6335877862595419,0.23770491803278687,0.6979414341133775,0.7797522212489051,NLI zero-shot: facebook/bart-large-mnli
phase3_ensemble,100,93,29,31,0.7633587786259542,0.23770491803278687,0.7628269302965837,0.8399449380553121,"Stacking calibrado de TF-IDF, embeddings y NLI"
