{
  "phase2": {
    "TP": 92,
    "TN": 85,
    "FP": 37,
    "FN": 39,
    "TPR": 0.7022900763358778,
    "FPR": 0.30327868852459017,
    "AUC": 0.6995056939056438,
    "ROC-AUC": 0.7858215492428982
  },
  "phase3_latent_mlp": {
    "TP": 83,
    "TN": 102,
    "FP": 20,
    "FN": 48,
    "TPR": 0.6335877862595419,
    "FPR": 0.16393442622950818,
    "AUC": 0.7348266800150168,
    "ROC-AUC": 0.829745964209736
  },
  "phase3_latent_logreg": {
    "TP": 61,
    "TN": 100,
    "FP": 22,
    "FN": 70,
    "TPR": 0.46564885496183206,
    "FPR": 0.18032786885245902,
    "AUC": 0.6426604930546865,
    "ROC-AUC": 0.7397697409585784
  },
  "phase3_latent_svm": {
    "TP": 72,
    "TN": 96,
    "FP": 26,
    "FN": 59,
    "TPR": 0.549618320610687,
    "FPR": 0.21311475409836064,
    "AUC": 0.6682517832561632,
    "ROC-AUC": 0.7202477787510949
  },
  "phase3_latent_random_forest": {
    "TP": 81,
    "TN": 102,
    "FP": 20,
    "FN": 50,
    "TPR": 0.6183206106870229,
    "FPR": 0.16393442622950818,
    "AUC": 0.7271930922287574,
    "ROC-AUC": 0.8279939932423976
  },
  "phase3_nli_zero_shot": {
    "TP": 83,
    "TN": 93,
    "FP": 29,
    "FN": 48,
    "TPR": 0.6335877862595419,
    "FPR": 0.23770491803278687,
    "AUC": 0.6979414341133775,
    "ROC-AUC": 0.7797522212489051
  },
  "phase3_nli_supervised": {
    "TP": 115,
    "TN": 71,
    "FP": 51,
    "FN": 16,
    "TPR": 0.8778625954198473,
    "FPR": 0.4180327868852459,
    "AUC": 0.7299149042673008,
    "ROC-AUC": 0.8089100237767489
  },
  "phase3_ensemble": {
    "TP": 98,
    "TN": 95,
    "FP": 27,
    "FN": 33,
    "TPR": 0.7480916030534351,
    "FPR": 0.22131147540983606,
    "AUC": 0.7633900638217996,
    "ROC-AUC": 0.8373169816043049
  }
}