{
  "phase2": {
    "TP": 92,
    "TN": 85,
    "FP": 37,
    "FN": 39,
    "TPR": 0.7022900763358778,
    "FPR": 0.30327868852459017,
    "AUC": 0.6995056939056438,
    "ROC-AUC": 0.7858215492428982
  },
  "phase3_latent": {
    "TP": 83,
    "TN": 102,
    "FP": 20,
    "FN": 48,
    "TPR": 0.6335877862595419,
    "FPR": 0.16393442622950818,
    "AUC": 0.7348266800150168,
    "ROC-AUC": 0.829745964209736
  },
  "phase3_nli": {
    "TP": 83,
    "TN": 93,
    "FP": 29,
    "FN": 48,
    "TPR": 0.6335877862595419,
    "FPR": 0.23770491803278687,
    "AUC": 0.6979414341133775,
    "ROC-AUC": 0.7797522212489051
  },
  "phase3_ensemble": {
    "TP": 100,
    "TN": 93,
    "FP": 29,
    "FN": 31,
    "TPR": 0.7633587786259542,
    "FPR": 0.23770491803278687,
    "AUC": 0.7628269302965837,
    "ROC-AUC": 0.8399449380553121
  }
}