{
  "TP": 14,
  "TN": 21,
  "FP": 4,
  "FN": 12,
  "TPR": 0.538462,
  "FPR": 0.16,
  "AUC": 0.689231,
  "roc_auc": 0.776923
}