{
  "TP": 86,
  "TN": 90,
  "FP": 32,
  "FN": 45,
  "TPR": 0.656489,
  "FPR": 0.262295,
  "AUC": 0.697097,
  "ROC-AUC": 0.785822
}