{
  "TP": 92,
  "TN": 85,
  "FP": 37,
  "FN": 39,
  "TPR": 0.70229,
  "FPR": 0.303279,
  "AUC": 0.699506,
  "ROC-AUC": 0.785822
}